Table with row headers in column A and column headers in rows 4 through 6,,,,,,,,,,,,,,,,
"Table A-1. Years of School Completed by People 25 Years and Over, by Age and Sex: Selected Years 1940 to 2024",,,,,,,,,,,,,,,,
(Numbers in thousands. Civilian noninstitutionalized population.1),,,,,,,,,,,,,,,,
Year,Total,Years of school completed,,,,,,,,,,,,,,
,,Elementary,,High school,,College,,Median,,,,,,,,
,,0 to 4 years,5 to 8 years,1 to 3 years,4 years,1 to 3 years,4 years or more,,,,,,,,,
"25 Years and Over, Both Sexes",,,,,,,,,,,,,,,,
2024,"229,800","2,125","5,918","11,600","64,010","57,230","88,890",N,,,,,,,,
2023,"227,700","2,022","6,018","11,490","64,110","56,730","87,310",N,,,,,,,,
2022,"226,274","2,203","5,732","11,998","64,465","56,659","85,217",N,,,,,,,,
2021,"224,580","2,074","5,862","12,118","62,547","56,942","85,037",N,,,,,,,,
2020,"223,058","2,106","5,788","12,313","61,597","57,552","83,701",N,,,,,,,,
2019,"221,478","2,181","6,422","13,372","62,259","57,428","79,816",N,,,,,,,,
2018,"219,830","2,129","6,600","13,682","62,685","57,810","76,924",N,,,,,,,,
2017,"216,921","2,208","6,600","13,734","62,512","57,765","74,103",N,,,,,,,,
2016,"215,015","2,414","7,078","13,961","62,002","57,660","71,900",N,,,,,,,,
2015,"212,132","2,601","7,295","14,686","62,575","56,031","68,945",N,,,,,,,,
2014,"209,287","2,525","7,388","14,545","62,240","55,709","66,879",N,,,,,,,,
2013,"206,899","2,344","7,578","14,595","61,704","55,173","65,506",N,,,,,,,,
2012,"204,579","2,484","7,800","14,993","62,113","53,900","63,291",N,,,,,,,,
2011,"201,543","2,589","7,688","14,763","61,911","53,249","61,343",N,,,,,,,,
2010,"199,928","2,615","7,836","15,260","62,456","51,920","59,840",N,,,,,,,,
2009,"198,285","2,785","8,043","15,587","61,626","51,670","58,574",N,,,,,,,,
2008,"196,305","2,599","8,226","15,516","61,183","50,994","57,787",N,,,,,,,,
2007,"194,318","2,830","8,462","16,451","61,490","49,243","55,842",N,,,,,,,,
2006,"191,884","2,951","8,791","16,154","60,898","49,371","53,720",N,,,,,,,,
2005,"189,367","2,983","8,935","16,099","60,893","48,076","52,381",N,,,,,,,,
2004,"186,876","2,858","8,888","15,999","59,811","47,571","51,749",N,,,,,,,,
2003,"185,183","2,915","9,361","16,323","59,292","46,910","50,383",N,,,,,,,,
2002,"182,142","2,902","9,668","16,378","58,456","46,042","48,696",N,,,,,,,,
2001,"180,389","2,810","9,518","16,279","58,272","46,281","47,228",N,,,,,,,,
2000,"175,230","2,742","9,438","15,674","58,086","44,445","44,845",N,,,,,,,,
1999,"173,754","2,742","9,655","16,443","57,935","43,176","43,803",N,,,,,,,,
1998,"172,211","2,834","9,948","16,776","58,174","42,506","41,973",N,,,,,,,,
1997,"170,581","2,840","10,472","17,211","57,586","41,774","40,697",N,,,,,,,,
1996,"168,323","3,027","10,595","17,102","56,559","41,372","39,668",N,,,,,,,,
1995,"166,438","3,074","10,873","16,566","56,450","41,249","38,226",N,,,,,,,,
1994,"164,512","3,156","11,359","16,925","56,515","40,014","36,544",N,,,,,,,,
1993,"162,826","3,380","11,747","17,067","57,589","37,451","35,590",N,,,,,,,,
1992,"160,827","3,449","11,989","17,672","57,860","35,520","34,337",N,,,,,,,,
1991,"158,694","3,803","13,046","17,379","61,272","29,170","34,026",12.7,,,,,,,,
1990,"156,538","3,833","13,758","17,461","60,119","28,075","33,291",12.7,,,,,,,,
1989,"154,155","3,861","14,061","17,719","59,336","26,614","32,565",12.7,,,,,,,,
1988,"151,635","3,714","14,550","17,847","58,940","25,799","30,787",12.7,,,,,,,,
1987,"149,144","3,640","15,301","17,417","57,669","25,479","29,637",12.7,,,,,,,,
1986,"146,606","3,894","15,672","17,484","56,338","24,729","28,489",12.6,,,,,,,,
1985,"143,524","3,873","16,020","17,553","54,866","23,405","27,808",12.6,,,,,,,,
1984,"140,794","3,884","16,258","17,433","54,073","22,281","26,862",12.6,,,,,,,,
1983,"138,020","4,119","16,714","17,681","52,060","21,531","25,915",12.6,,,,,,,,
1982,"135,526","4,119","17,232","18,006","51,426","20,692","24,050",12.6,,,,,,,,
1981,"132,899","4,358","17,868","18,041","49,915","20,042","22,674",12.5,,,,,,,,
1980,"130,409","4,390","18,426","18,086","47,934","19,379","22,193",12.5,,,,,,,,
1979,"125,295","4,324","18,504","17,579","45,915","18,393","20,579",12.5,,,,,,,,
1978,"123,019","4,445","19,309","18,175","44,381","17,379","19,332",12.4,,,,,,,,
1977,"120,870","4,509","19,567","18,318","43,602","16,247","18,627",12.4,,,,,,,,
1976,"118,848","4,601","19,912","18,204","43,157","15,477","17,496",12.4,,,,,,,,
1975,"116,897","4,912","20,633","18,237","42,353","14,518","16,244",12.3,,,,,,,,
1974,"115,005","5,106","21,200","18,274","41,460","13,665","15,300",12.3,,,,,,,,
1973,"112,866","5,100","21,838","18,420","40,448","12,831","14,228",12.3,,,,,,,,
1972,"111,133","5,124","22,503","18,855","39,171","12,117","13,364",12.2,,,,,,,,
1971,"110,627","5,574","24,029","18,601","38,029","11,782","12,612",12.2,,,,,,,,
1970,"109,310","5,747","24,519","18,682","37,134","11,164","12,062",12.2,,,,,,,,
1969,"107,750","6,014","24,976","18,527","36,133","10,564","11,535",12.1,,,,,,,,
1968,"106,469","6,248","25,467","18,724","34,603","10,254","11,171",12.1,,,,,,,,
1967,"104,864","6,400","26,178","18,647","33,173","9,914","10,550",12.0,,,,,,,,
1966,"103,876","6,705","26,478","18,859","32,391","9,235","10,212",12.0,,,,,,,,
1965,"103,245","6,982","27,063","18,617","31,703","9,139","9,742",11.8,,,,,,,,
1964,"102,421","7,295","27,551","18,419","30,728","9,085","9,345",11.7,,,,,,,,
1962,"100,664","7,826","28,438","17,751","28,477","9,170","9,002",11.4,,,,,,,,
1960,"99,465","8,303","31,218","19,140","24,440","8,747","7,617",10.6,,,,,,,,
1959,"97,478","7,816","28,490","17,520","26,219","7,888","7,734",11.0,,,,,,,,
1957,"95,630","8,561","29,316","16,951","24,832","6,985","7,172",10.6,,,,,,,,
1952,"88,358","8,004","30,274","15,228","21,074","6,714","6,118",10.1,,,,,,,,
1950,"87,484","9,491","31,617","14,817","17,625","6,246","5,272",9.3,,,,,,,,
1947,"82,578","8,611","32,308","13,487","16,926","5,533","4,424",9.0,,,,,,,,
1940,"74,776","10,105","34,413","11,182","10,552","4,075","3,407",8.6,,,,,,,,
"25 Years and Over, Male",,,,,,,,,,,,,,,,
2024,"111,700",944,"3,073","6,167","33,090","26,930","41,490",N,,,,,,,,
2023,"110,900",954,"3,059","6,083","33,080","26,780","40,980",N,,,,,,,,
2022,"109,979","1,151","2,890","6,303","33,081","26,701","39,853",N,,,,,,,,
2021,"108,327","1,084","2,924","6,274","31,855","26,595","39,595",N,,,,,,,,
2020,"107,517","1,053","2,854","6,250","31,355","26,580","39,426",N,,,,,,,,
2019,"106,695","1,082","3,230","6,792","31,257","26,527","37,807",N,,,,,,,,
2018,"105,862",973,"3,284","6,939","31,325","26,668","36,674",N,,,,,,,,
2017,"104,324","1,090","3,312","6,934","31,296","26,581","35,112",N,,,,,,,,
2016,"103,372","1,183","3,513","7,144","30,780","26,468","34,283",N,,,,,,,,
2015,"101,887","1,243","3,669","7,278","30,997","25,778","32,923",N,,,,,,,,
2014,"100,592","1,184","3,761","7,403","30,718","25,430","32,095",N,,,,,,,,
2013,"99,305","1,127","3,836","7,314","30,014","25,283","31,731",N,,,,,,,,
2012,"98,119","1,237","3,879","7,388","30,216","24,632","30,766",N,,,,,,,,
2011,"97,220","1,234","3,883","7,443","30,370","24,319","29,971",N,,,,,,,,
2010,"96,325","1,279","3,931","7,705","30,682","23,570","29,158",N,,,,,,,,
2009,"95,518","1,372","4,027","7,754","30,025","23,634","28,706",N,,,,,,,,
2008,"94,470","1,310","4,136","7,853","29,491","23,247","28,433",N,,,,,,,,
2007,"93,421","1,458","4,249","8,294","29,604","22,219","27,596",N,,,,,,,,
2006,"92,233","1,472","4,395","7,940","29,380","22,136","26,910",N,,,,,,,,
2005,"90,899","1,505","4,402","7,787","29,151","21,794","26,259",N,,,,,,,,
2004,"89,558","1,496","4,308","7,766","27,889","21,763","26,336",N,,,,,,,,
2003,"88,597","1,482","4,566","8,026","27,356","21,568","25,598",N,,,,,,,,
2002,"86,996","1,457","4,743","7,894","26,947","21,127","24,828",N,,,,,,,,
2001,"86,096","1,419","4,673","7,615","26,956","21,120","24,313",N,,,,,,,,
2000,"83,611","1,341","4,577","7,298","26,651","20,493","23,252",N,,,,,,,,
1999,"82,917","1,339","4,651","7,736","26,368","20,043","22,782",N,,,,,,,,
1998,"82,376","1,431","4,727","8,017","26,575","19,792","21,832",N,,,,,,,,
1997,"81,620","1,454","5,023","8,212","26,226","19,332","21,374",N,,,,,,,,
1996,"80,339","1,537","5,067","7,930","25,649","19,301","20,854",N,,,,,,,,
1995,"79,463","1,598","5,231","7,691","25,378","18,933","20,631",N,,,,,,,,
1994,"78,539","1,669","5,427","7,789","25,404","18,544","19,705",N,,,,,,,,
1993,"77,644","1,709","5,594","7,821","25,766","17,521","19,234",N,,,,,,,,
1992,"76,579","1,737","5,726","8,085","25,774","16,631","18,627",N,,,,,,,,
1991,"75,487","2,018","6,299","7,887","27,189","13,720","18,373",12.8,,,,,,,,
1990,"74,421","2,004","6,557","8,000","26,426","13,271","18,164",12.8,,,,,,,,
1989,"73,225","1,956","6,659","8,076","25,897","12,725","17,913",12.8,,,,,,,,
1988,"71,911","1,852","6,849","8,247","25,638","12,057","17,268",12.7,,,,,,,,
1987,"70,677","1,794","7,259","7,909","24,998","12,062","16,654",12.7,,,,,,,,
1986,"69,503","1,978","7,446","7,872","24,260","11,856","16,091",12.7,,,,,,,,
1985,"67,756","1,947","7,629","7,783","23,552","11,164","15,682",12.7,,,,,,,,
1984,"66,350","1,945","7,688","7,837","22,990","10,678","15,211",12.7,,,,,,,,
1983,"65,004","2,103","7,750","7,867","22,048","10,310","14,926",12.7,,,,,,,,
1982,"63,764","2,074","7,987","7,960","21,749","10,020","13,974",12.6,,,,,,,,
1981,"62,509","2,141","8,322","8,084","21,019","9,734","13,208",12.6,,,,,,,,
1980,"61,389","2,212","8,627","8,046","20,080","9,593","12,832",12.6,,,,,,,,
1979,"58,986","2,190","8,785","7,636","19,250","9,100","12,025",12.6,,,,,,,,
1978,"57,922","2,230","9,195","7,821","18,620","8,657","11,398",12.5,,,,,,,,
1977,"56,917","2,296","9,330","7,969","18,290","8,104","10,926",12.5,,,,,,,,
1976,"55,902","2,371","9,463","7,923","18,048","7,699","10,397",12.5,,,,,,,,
1975,"55,036","2,568","9,760","7,985","17,769","7,274","9,679",12.4,,,,,,,,
1974,"54,167","2,637","10,186","7,966","17,488","6,756","9,135",12.4,,,,,,,,
1973,"53,067","2,598","10,488","8,120","17,011","6,376","8,473",12.3,,,,,,,,
1972,"52,351","2,634","10,854","8,413","16,424","5,972","8,055",12.3,,,,,,,,
1971,"52,357","2,933","11,703","8,264","16,008","5,798","7,653",12.2,,,,,,,,
1970,"51,784","3,031","11,925","8,355","15,571","5,580","7,321",12.2,,,,,,,,
1969,"51,031","3,095","12,182","8,398","15,177","5,263","6,917",12.1,,,,,,,,
1968,"50,510","3,261","12,407","8,564","14,613","4,945","6,721",12.1,,,,,,,,
1967,"49,756","3,417","12,736","8,463","14,015","4,755","6,372",12.0,,,,,,,,
1966,"49,410","3,614","12,992","8,611","13,672","4,342","6,180",11.8,,,,,,,,
1965,"49,242","3,774","13,308","8,529","13,334","4,370","5,923",11.7,,,,,,,,
1964,"48,975","3,959","13,467","8,537","12,902","4,394","5,714",11.5,,,,,,,,
1962,"48,283","4,213","13,927","8,399","11,932","4,315","5,497",11.1,,,,,,,,
1960,"47,997","4,522","15,562","8,988","10,175","4,127","4,626",10.3,,,,,,,,
1959,"47,041","4,257","14,039","8,326","10,870","3,801","4,765",10.7,,,,,,,,
1957,"46,208","4,610","14,634","8,003","10,230","3,347","4,359",10.3,,,,,,,,
1952,"42,368","4,396","14,876","7,048","8,760","3,164","3,480",9.7,,,,,,,,
1950,"42,627","5,074","15,852","6,974","7,511","2,888","3,008",9.0,,,,,,,,
1947,"40,483","4,615","16,086","6,535","7,353","2,625","2,478",8.9,,,,,,,,
1940,"37,463","5,550","17,639","5,333","4,507","1,824","2,021",8.6,,,,,,,,
"25 Years and Over, Female",,,,,,,,,,,,,,,,
2024,"118,100","1,181","2,845","5,436","30,920","30,290","47,400",N,,,,,,,,
2023,"116,700","1,068","2,958","5,404","31,030","29,940","46,340",N,,,,,,,,
2022,"116,296","1,052","2,843","5,695","31,383","29,958","45,365",N,,,,,,,,
2021,"116,253",989,"2,938","5,844","30,693","30,347","45,442",N,,,,,,,,
2020,"115,540","1,053","2,935","6,063","30,243","30,972","44,275",N,,,,,,,,
2019,"114,783","1,098","3,192","6,580","31,002","30,902","42,009",N,,,,,,,,
2018,"113,969","1,156","3,316","6,743","31,360","31,142","40,251",N,,,,,,,,
2017,"112,597","1,117","3,288","6,799","31,216","31,185","38,991",N,,,,,,,,
2016,"111,643","1,231","3,565","6,817","31,221","31,192","37,617",N,,,,,,,,
2015,"110,245","1,358","3,626","7,408","31,578","30,253","36,021",N,,,,,,,,
2014,"108,695","1,341","3,627","7,142","31,522","30,279","34,784",N,,,,,,,,
2013,"107,594","1,217","3,741","7,282","31,690","29,890","33,775",N,,,,,,,,
2012,"106,460","1,246","3,920","7,604","31,898","29,267","32,524",N,,,,,,,,
2011,"104,323","1,355","3,806","7,320","31,541","28,930","31,372",N,,,,,,,,
2010,"103,603","1,336","3,904","7,555","31,774","28,350","30,683",N,,,,,,,,
2009,"102,767","1,413","4,016","7,833","31,601","28,036","29,868",N,,,,,,,,
2008,"101,835","1,289","4,090","7,663","31,692","27,747","29,354",N,,,,,,,,
2007,"100,897","1,371","4,213","8,157","31,887","27,024","28,245",N,,,,,,,,
2006,"99,651","1,479","4,395","8,215","31,518","27,234","26,810",N,,,,,,,,
2005,"98,467","1,477","4,532","8,311","31,742","26,283","26,122",N,,,,,,,,
2004,"97,319","1,363","4,580","8,233","31,921","25,808","25,413",N,,,,,,,,
2003,"96,586","1,433","4,795","8,297","31,936","25,342","24,784",N,,,,,,,,
2002,"95,146","1,445","4,926","8,484","31,509","24,915","23,868",N,,,,,,,,
2001,"94,293","1,392","4,845","8,664","31,316","25,161","22,915",N,,,,,,,,
2000,"91,620","1,400","4,861","8,378","31,435","23,953","21,594",N,,,,,,,,
1999,"90,837","1,404","5,004","8,707","31,566","23,133","21,021",N,,,,,,,,
1998,"89,835","1,403","5,220","8,758","31,599","22,714","20,142",N,,,,,,,,
1997,"88,961","1,387","5,450","8,999","31,360","22,442","19,323",N,,,,,,,,
1996,"87,984","1,491","5,528","9,171","30,911","22,071","18,813",N,,,,,,,,
1995,"86,975","1,476","5,642","8,874","31,072","22,317","17,594",N,,,,,,,,
1994,"85,973","1,487","5,932","9,135","31,111","21,470","16,838",N,,,,,,,,
1993,"85,181","1,672","6,154","9,246","31,823","19,930","16,357",N,,,,,,,,
1992,"84,248","1,712","6,263","9,587","32,086","18,889","15,709",N,,,,,,,,
1991,"83,207","1,784","6,747","9,491","34,083","15,449","15,652",12.7,,,,,,,,
1990,"82,116","1,829","7,200","9,462","33,693","14,806","15,126",12.7,,,,,,,,
1989,"80,930","1,904","7,402","9,643","33,440","13,888","14,652",12.6,,,,,,,,
1988,"79,724","1,862","7,700","9,599","33,303","13,741","13,519",12.6,,,,,,,,
1987,"78,467","1,846","8,042","9,508","32,671","13,417","12,983",12.6,,,,,,,,
1986,"77,102","1,916","8,226","9,612","32,078","12,874","12,399",12.6,,,,,,,,
1985,"75,768","1,926","8,390","9,770","31,314","12,242","12,126",12.6,,,,,,,,
1984,"74,444","1,939","8,571","9,596","31,083","11,603","11,651",12.6,,,,,,,,
1983,"73,016","2,015","8,964","9,814","30,012","11,220","10,990",12.5,,,,,,,,
1982,"71,762","2,045","9,245","10,046","29,677","10,673","10,076",12.5,,,,,,,,
1981,"70,390","2,217","9,545","9,957","28,896","10,309","9,466",12.5,,,,,,,,
1980,"69,020","2,178","9,800","10,040","27,854","9,786","9,362",12.4,,,,,,,,
1979,"66,309","2,133","9,720","9,945","26,665","9,293","8,554",12.4,,,,,,,,
1978,"65,097","2,214","10,114","10,353","25,761","8,721","7,934",12.4,,,,,,,,
1977,"63,953","2,213","10,236","10,349","25,312","8,142","7,701",12.4,,,,,,,,
1976,"62,946","2,230","10,449","10,281","25,109","7,779","7,098",12.3,,,,,,,,
1975,"61,861","2,344","10,871","10,252","24,584","7,243","6,565",12.3,,,,,,,,
1974,"60,838","2,469","11,015","10,308","23,972","6,910","6,165",12.3,,,,,,,,
1973,"59,799","2,502","11,350","10,300","23,437","6,454","5,755",12.2,,,,,,,,
1972,"58,782","2,490","11,649","10,442","22,746","6,145","5,309",12.2,,,,,,,,
1971,"58,270","2,641","12,327","10,339","22,021","5,984","4,959",12.2,,,,,,,,
1970,"57,527","2,716","12,595","10,327","21,563","5,584","4,743",12.1,,,,,,,,
1969,"56,719","2,919","12,796","10,131","20,955","5,301","4,619",12.1,,,,,,,,
1968,"55,959","2,987","13,060","10,160","19,991","5,309","4,450",12.1,,,,,,,,
1967,"55,107","2,985","13,439","10,185","19,157","5,162","4,178",12.0,,,,,,,,
1966,"54,467","3,090","13,488","10,246","18,719","4,892","4,032",12.0,,,,,,,,
1965,"54,004","3,207","13,753","10,085","18,369","4,767","3,820",12.0,,,,,,,,
1964,"53,447","3,333","14,086","9,881","17,825","4,686","3,629",11.8,,,,,,,,
1962,"52,381","3,613","14,511","9,352","16,545","4,855","3,505",11.6,,,,,,,,
1960,"51,468","3,781","15,656","10,151","14,267","4,620","2,991",10.9,,,,,,,,
1959,"50,437","3,559","14,451","9,194","15,349","4,087","2,969",11.2,,,,,,,,
1957,"49,422","3,951","14,682","8,948","14,602","3,638","2,813",10.9,,,,,,,,
1952,"45,990","3,608","15,398","8,180","12,314","3,550","2,638",10.4,,,,,,,,
1950,"44,857","4,417","15,824","7,843","10,114","3,358","2,264",9.6,,,,,,,,
1947,"42,095","3,996","16,222","6,952","9,573","2,908","1,946",8.9,,,,,,,,
1940,"37,313","4,554","16,773","5,849","6,044","2,251","1,386",8.7,,,,,,,,
"25 to 34 Years, Both Sexes",,,,,,,,,,,,,,,,
2024,"44,880",151,536,"1,767","12,470","11,090","18,870",N,,,,,,,,
2023,"44,910",193,629,"1,733","12,170","11,200","18,990",N,,,,,,,,
2022,"44,583",133,598,"1,937","12,104","11,493","18,318",N,,,,,,,,
2021,"45,284",145,574,"2,133","11,932","12,002","18,497",N,,,,,,,,
2020,"45,260",168,557,"1,968","11,797","12,178","18,592",N,,,,,,,,
2019,"45,208",232,679,"2,353","11,639","12,269","18,037",N,,,,,,,,
2018,"44,854",182,776,"2,435","11,460","12,501","17,501",N,,,,,,,,
2017,"44,250",218,732,"2,532","11,494","12,792","16,482",N,,,,,,,,
2016,"43,763",210,858,"2,656","11,224","12,609","16,207",N,,,,,,,,
2015,"43,006",292,863,"2,938","10,965","12,420","15,528",N,,,,,,,,
2014,"42,466",286,946,"3,018","11,040","12,178","14,997",N,,,,,,,,
2013,"41,797",260,"1,035","3,116","10,950","11,955","14,481",N,,,,,,,,
2012,"41,219",273,"1,063","3,079","10,974","11,765","14,065",N,,,,,,,,
2011,"41,584",318,"1,140","3,098","11,250","12,046","13,731",N,,,,,,,,
2010,"41,085",323,"1,169","3,271","11,186","11,655","13,480",N,,,,,,,,
2009,"40,520",321,"1,226","3,202","11,351","11,409","13,010",N,,,,,,,,
2008,"40,146",282,"1,189","3,296","11,297","11,113","12,969",N,,,,,,,,
2007,"39,868",380,"1,283","3,462","11,408","10,961","12,375",N,,,,,,,,
2006,"39,481",359,"1,410","3,375","11,302","11,229","11,806",N,,,,,,,,
2005,"39,310",414,"1,375","3,422","11,269","10,865","11,965",N,,,,,,,,
2004,"39,201",430,"1,399","3,239","11,244","11,044","11,844",N,,,,,,,,
2003,"39,242",370,"1,370","3,336","11,392","10,986","11,791",N,,,,,,,,
2002,"38,670",433,"1,393","3,245","10,988","10,776","11,834",N,,,,,,,,
2001,"38,865",380,"1,317","3,202","11,294","11,146","11,526",N,,,,,,,,
2000,"37,786",287,"1,135","3,052","11,546","10,700","11,066",N,,,,,,,,
1999,"38,474",280,"1,142","3,296","11,826","10,893","11,040",N,,,,,,,,
1998,"39,354",319,"1,207","3,228","12,569","11,220","10,811",N,,,,,,,,
1997,"40,256",334,"1,163","3,624","12,710","11,524","10,892",N,,,,,,,,
1996,"40,919",418,"1,169","3,780","13,087","11,624","10,841",N,,,,,,,,
1995,"41,388",394,"1,264","3,667","14,061","11,659","10,342",N,,,,,,,,
1994,"41,946",367,"1,297","4,057","14,483","11,913","9,829",N,,,,,,,,
1993,"41,864",382,"1,223","3,894","15,036","11,361","9,968",N,,,,,,,,
1992,"42,493",433,"1,250","4,071","16,021","10,860","9,861",N,,,,,,,,
1991,"42,905",465,"1,322","4,178","17,503","9,283","10,153",12.9,,,,,,,,
1990,"43,240",505,"1,413","4,041","17,635","9,320","10,326",12.9,,,,,,,,
1989,"43,240",446,"1,352","4,013","17,901","9,072","10,454",12.9,,,,,,,,
1988,"42,953",430,"1,308","4,095","17,887","9,076","10,155",12.9,,,,,,,,
1987,"42,635",390,"1,360","3,995","17,539","9,157","10,196",12.9,,,,,,,,
1986,"42,053",387,"1,359","3,797","17,311","9,104","10,094",12.9,,,,,,,,
1985,"40,858",362,"1,328","3,703","16,748","8,980","9,737",12.9,,,,,,,,
1984,"40,173",404,"1,371","3,638","16,431","8,555","9,771",12.9,,,,,,,,
1983,"39,342",376,"1,324","3,664","15,804","8,567","9,605",12.9,,,,,,,,
1982,"38,703",337,"1,371","3,598","15,893","8,304","9,200",12.9,,,,,,,,
1981,"37,828",337,"1,428","3,665","15,419","8,198","8,782",12.9,,,,,,,,
1980,"36,615",362,"1,424","3,571","14,481","7,942","8,836",12.9,,,,,,,,
1979,"34,053",370,"1,381","3,452","13,338","7,415","8,096",12.9,,,,,,,,
1978,"33,120",325,"1,459","3,515","12,993","7,008","7,821",12.9,,,,,,,,
1977,"32,284",269,"1,383","3,715","12,845","6,398","7,676",12.8,,,,,,,,
1976,"31,148",247,"1,508","3,619","12,920","5,813","7,041",12.8,,,,,,,,
1975,"30,092",313,"1,644","3,743","12,544","5,403","6,443",12.7,,,,,,,,
1974,"28,972",352,"1,654","3,763","12,362","5,056","5,785",12.7,,,,,,,,
1973,"27,793",333,"1,850","3,915","12,194","4,454","5,047",12.6,,,,,,,,
1972,"26,517",285,"1,791","3,981","11,635","4,090","4,734",12.6,,,,,,,,
1971,"25,545",327,"2,011","3,986","11,232","3,822","4,169",12.6,,,,,,,,
1970,"24,865",329,"1,937","4,251","10,929","3,491","3,926",12.5,,,,,,,,
1969,"24,072",359,"2,086","4,140","10,592","3,202","3,693",12.5,,,,,,,,
1968,"23,285",350,"2,246","4,129","10,157","2,989","3,413",12.5,,,,,,,,
1967,"22,388",319,"2,293","4,017","9,645","2,946","3,169",12.5,,,,,,,,
1966,"22,023",430,"2,208","4,158","9,546","2,647","3,037",12.4,,,,,,,,
1965,"21,980",543,"2,437","4,058","9,500","2,561","2,880",12.4,,,,,,,,
1964,"21,997",502,"2,591","4,176","9,370","2,529","2,830",12.4,,,,,,,,
1962,"22,130",597,"2,936","4,371","8,815","2,552","2,859",12.4,,,,,,,,
1960,"22,821",709,"3,738","5,135","8,166","2,572","2,499",12.4,,,,,,,,
1959,"22,922",761,"3,348","4,741","8,979","2,398","2,480",12.3,,,,,,,,
1957,"23,437",750,"3,971","4,965","8,927","2,275","2,351",12.2,,,,,,,,
1952,"23,138",844,"4,362","4,898","8,620","2,220","2,052",12.2,,,,,,,,
1950,"23,626","1,147","5,308","5,050","7,660","2,198","1,252",11.9,,,,,,,,
1947,"22,627","1,015","5,523","4,997","7,630","1,908","1,378",11.9,,,,,,,,
1940,"21,339","1,377","7,676","4,553","4,702","1,554","1,288",10.0,,,,,,,,
"25 to 34 Years, Male",,,,,,,,,,,,,,,,
2024,"22,520",74,298,"1,062","7,063","5,624","8,396",N,,,,,,,,
2023,"22,680",117,391,958,"7,041","5,636","8,534",N,,,,,,,,
2022,"22,326",78,337,"1,042","6,840","5,754","8,275",N,,,,,,,,
2021,"22,837",95,330,"1,213","6,936","6,026","8,236",N,,,,,,,,
2020,"22,783",94,285,"1,064","6,897","6,092","8,352",N,,,,,,,,
2019,"22,726",147,379,"1,303","6,593","5,939","8,365",N,,,,,,,,
2018,"22,490",95,432,"1,431","6,530","6,047","7,955",N,,,,,,,,
2017,"22,121",135,390,"1,410","6,456","6,267","7,464",N,,,,,,,,
2016,"21,845",116,468,"1,427","6,386","6,015","7,432",N,,,,,,,,
2015,"21,427",166,488,"1,584","6,198","5,920","7,071",N,,,,,,,,
2014,"21,217",151,512,"1,611","6,323","5,910","6,710",N,,,,,,,,
2013,"20,816",161,582,"1,747","6,058","5,749","6,519",N,,,,,,,,
2012,"20,464",161,579,"1,707","6,127","5,619","6,270",N,,,,,,,,
2011,"20,985",190,657,"1,791","6,444","5,750","6,151",N,,,,,,,,
2010,"20,689",186,641,"1,866","6,458","5,587","5,951",N,,,,,,,,
2009,"20,440",184,695,"1,806","6,495","5,508","5,752",N,,,,,,,,
2008,"20,210",172,714,"1,874","6,356","5,277","5,816",N,,,,,,,,
2007,"20,024",246,757,"1,930","6,361","5,137","5,593",N,,,,,,,,
2006,"19,827",218,834,"1,835","6,233","5,336","5,371",N,,,,,,,,
2005,"19,677",241,769,"1,827","6,216","5,198","5,426",N,,,,,,,,
2004,"19,598",280,793,"1,723","6,020","5,286","5,495",N,,,,,,,,
2003,"19,564",216,771,"1,831","6,028","5,252","5,466",N,,,,,,,,
2002,"19,234",280,809,"1,782","5,751","5,131","5,480",N,,,,,,,,
2001,"19,330",233,748,"1,677","6,099","5,161","5,411",N,,,,,,,,
2000,"18,563",155,593,"1,637","5,989","4,870","5,318",N,,,,,,,,
1999,"18,294",157,616,"1,724","6,114","5,052","5,260",N,,,,,,,,
1998,"19,526",190,654,"1,735","6,592","5,233","5,125",N,,,,,,,,
1997,"20,039",193,629,"2,007","6,482","5,477","5,249",N,,,,,,,,
1996,"20,390",225,601,"2,055","6,701","5,536","5,274",N,,,,,,,,
1995,"20,589",229,708,"1,930","7,176","5,373","5,174",N,,,,,,,,
1994,"20,873",230,716,"2,134","7,408","5,510","4,873",N,,,,,,,,
1993,"20,856",237,679,"1,986","7,604","5,308","5,041",N,,,,,,,,
1992,"21,125",231,682,"2,057","8,113","5,116","4,927",N,,,,,,,,
1991,"21,319",270,694,"2,095","8,810","4,441","5,009",12.9,,,,,,,,
1990,"21,462",295,759,"2,153","8,649","4,392","5,215",12.9,,,,,,,,
1989,"21,461",251,698,"2,129","8,659","4,391","5,335",12.9,,,,,,,,
1988,"21,277",237,651,"2,227","8,569","4,273","5,319",12.9,,,,,,,,
1987,"21,142",223,698,"2,030","8,544","4,384","5,263",12.9,,,,,,,,
1986,"20,956",227,715,"1,887","8,359","4,488","5,279",12.9,,,,,,,,
1985,"20,184",194,700,"1,823","7,955","4,433","5,080",12.9,,,,,,,,
1984,"19,876",231,721,"1,739","7,798","4,238","5,150",12.9,,,,,,,,
1983,"19,438",213,659,"1,724","7,351","4,284","5,207",13.0,,,,,,,,
1982,"19,090",182,659,"1,654","7,380","4,162","5,053",13.0,,,,,,,,
1981,"18,625",176,733,"1,679","6,991","4,185","4,863",13.0,,,,,,,,
1980,"18,051",198,699,"1,639","6,393","4,166","4,957",13.0,,,,,,,,
1979,"16,719",197,695,"1,476","5,852","3,862","4,637",13.0,,,,,,,,
1978,"16,263",154,717,"1,526","5,701","3,698","4,471",13.1,,,,,,,,
1977,"15,863",134,672,"1,625","5,634","3,403","4,396",13.0,,,,,,,,
1976,"15,266",134,724,"1,566","5,672","3,085","4,087",12.9,,,,,,,,
1975,"14,776",177,815,"1,605","5,508","2,915","3,757",12.9,,,,,,,,
1974,"14,222",211,859,"1,617","5,491","2,672","3,372",12.8,,,,,,,,
1973,"13,638",204,966,"1,760","5,363","2,416","2,927",12.7,,,,,,,,
1972,"13,030",157,927,"1,796","5,150","2,191","2,809",12.7,,,,,,,,
1971,"12,596",170,"1,092","1,771","5,049","2,005","2,506",12.6,,,,,,,,
1970,"12,236",189,"1,063","1,896","4,833","1,842","2,412",12.6,,,,,,,,
1969,"11,788",204,"1,121","1,849","4,652","1,719","2,241",12.6,,,,,,,,
1968,"11,381",193,"1,192","1,880","4,473","1,505","2,136",12.5,,,,,,,,
1967,"10,876",170,"1,209","1,814","4,187","1,522","1,973",12.5,,,,,,,,
1966,"10,701",241,"1,162","1,839","4,191","1,374","1,894",12.5,,,,,,,,
1965,"10,693",325,"1,240","1,802","4,188","1,316","1,822",12.5,,,,,,,,
1964,"10,729",297,"1,344","1,962","4,008","1,306","1,812",12.4,,,,,,,,
1962,"10,762",334,"1,569","2,008","3,700","1,309","1,842",12.4,,,,,,,,
1960,"11,184",420,"2,026","2,441","3,356","1,316","1,624",12.2,,,,,,,,
1959,"11,226",416,"1,822","2,238","3,682","1,256","1,658",12.3,,,,,,,,
1957,"11,368",423,"2,097","2,446","3,542","1,181","1,556",12.2,,,,,,,,
1952,"10,936",502,"2,202","2,268","3,458","1,118","1,268",12.1,,,,,,,,
1950,"11,454",631,"2,705","2,426","3,250","1,117","1,037",11.5,,,,,,,,
1947,"10,894",544,"2,665","2,494","3,337",993,738,11.7,,,,,,,,
1940,"10,521",779,"3,932","2,220","2,049",692,744,9.7,,,,,,,,
"25 to 34 Years, Female",,,,,,,,,,,,,,,,
2024,"22,360",77,238,705,"5,405","5,464","10,470",N,,,,,,,,
2023,"22,240",76,238,775,"5,129","5,564","10,460",N,,,,,,,,
2022,"22,257",55,261,895,"5,264","5,739","10,044",N,,,,,,,,
2021,"22,447",50,244,919,"4,996","5,976","10,261",N,,,,,,,,
2020,"22,477",74,272,904,"4,900","6,087","10,240",N,,,,,,,,
2019,"22,482",84,300,"1,051","5,045","6,330","9,671",N,,,,,,,,
2018,"22,364",87,344,"1,004","4,930","6,454","9,547",N,,,,,,,,
2017,"22,129",84,342,"1,122","5,037","6,526","9,018",N,,,,,,,,
2016,"21,918",93,390,"1,229","4,838","6,594","8,774",N,,,,,,,,
2015,"21,579",126,375,"1,354","4,767","6,500","8,457",N,,,,,,,,
2014,"21,248",135,435,"1,407","4,717","6,267","8,287",N,,,,,,,,
2013,"20,981",99,454,"1,369","4,892","6,205","7,962",N,,,,,,,,
2012,"20,755",112,484,"1,372","4,847","6,145","7,795",N,,,,,,,,
2011,"20,599",128,483,"1,307","4,806","6,296","7,580",N,,,,,,,,
2010,"20,396",137,527,"1,405","4,728","6,068","7,530",N,,,,,,,,
2009,"20,079",137,531,"1,395","4,856","5,901","7,258",N,,,,,,,,
2008,"19,937",111,475,"1,421","4,941","5,836","7,153",N,,,,,,,,
2007,"19,843",134,527,"1,532","5,047","5,824","6,781",N,,,,,,,,
2006,"19,654",140,577,"1,538","5,069","5,894","6,435",N,,,,,,,,
2005,"19,633",173,607,"1,594","5,053","5,667","6,539",N,,,,,,,,
2004,"19,603",150,606,"1,516","5,224","5,758","6,349",N,,,,,,,,
2003,"19,679",153,598,"1,503","5,364","5,734","6,325",N,,,,,,,,
2002,"19,436",153,584,"1,463","5,237","5,645","6,353",N,,,,,,,,
2001,"19,536",147,569,"1,525","5,195","5,985","6,115",N,,,,,,,,
2000,"19,222",130,542,"1,415","5,557","5,831","5,750",N,,,,,,,,
1999,"19,551",122,525,"1,572","5,712","5,842","5,779",N,,,,,,,,
1998,"19,828",130,553,"1,493","5,977","5,986","5,688",N,,,,,,,,
1997,"20,217",149,533,"1,615","6,227","6,047","5,643",N,,,,,,,,
1996,"20,528",195,569,"1,734","6,386","6,090","5,568",N,,,,,,,,
1995,"20,800",165,556,"1,738","6,885","6,286","5,170",N,,,,,,,,
1994,"21,073",138,581,"1,923","7,075","6,404","4,953",N,,,,,,,,
1993,"21,007",143,543,"1,907","7,432","6,054","4,928",N,,,,,,,,
1992,"21,368",203,567,"2,014","7,908","5,744","4,933",N,,,,,,,,
1991,"21,586",195,629,"2,085","8,693","4,841","5,143",12.9,,,,,,,,
1990,"21,779",209,653,"1,889","8,986","4,927","5,112",12.9,,,,,,,,
1989,"21,777",195,654,"1,885","9,242","4,681","5,119",12.9,,,,,,,,
1988,"21,675",193,657,"1,869","9,319","4,801","4,836",12.9,,,,,,,,
1987,"21,494",168,662,"1,965","8,995","4,772","4,932",12.9,,,,,,,,
1986,"21,097",160,644,"1,910","8,952","4,616","4,813",12.9,,,,,,,,
1985,"20,673",168,627,"1,880","8,794","4,547","4,657",12.9,,,,,,,,
1984,"20,297",173,649,"1,904","8,634","4,319","4,621",12.9,,,,,,,,
1983,"19,903",161,665,"1,941","8,452","4,285","4,398",12.9,,,,,,,,
1982,"19,614",155,713,"1,942","8,512","4,140","4,148",12.8,,,,,,,,
1981,"19,203",161,698,"1,986","8,427","4,013","3,918",12.8,,,,,,,,
1980,"18,565",164,725,"1,932","8,087","3,777","3,879",12.8,,,,,,,,
1979,"17,334",173,685,"1,977","7,486","3,553","3,460",12.8,,,,,,,,
1978,"16,857",172,742,"1,989","7,292","3,311","3,351",12.6,,,,,,,,
1977,"16,421",136,710,"2,088","7,212","2,995","3,280",12.7,,,,,,,,
1976,"15,882",112,784,"2,054","7,248","2,731","2,954",12.7,,,,,,,,
1975,"15,316",135,833,"2,139","7,037","2,489","2,686",12.6,,,,,,,,
1974,"14,750",142,796,"2,145","6,871","2,383","2,413",12.6,,,,,,,,
1973,"14,155",129,884,"2,154","6,830","2,037","2,121",12.6,,,,,,,,
1972,"13,487",128,862,"2,184","6,485","1,899","1,926",12.5,,,,,,,,
1971,"12,950",156,919,"2,212","6,183","1,816","1,663",12.5,,,,,,,,
1970,"12,629",140,876,"2,355","6,096","1,648","1,512",12.5,,,,,,,,
1969,"12,285",155,965,"2,291","5,941","1,481","1,451",12.4,,,,,,,,
1968,"11,904",157,"1,053","2,246","5,684","1,484","1,278",12.4,,,,,,,,
1967,"11,512",149,"1,084","2,200","5,458","1,426","1,195",12.4,,,,,,,,
1966,"11,322",186,"1,047","2,319","5,355","1,273","1,134",12.4,,,,,,,,
1965,"11,284",218,"1,197","2,256","5,310","1,244","1,060",12.4,,,,,,,,
1964,"11,269",202,"1,248","2,216","5,362","1,221","1,018",12.4,,,,,,,,
1962,"11,368",263,"1,367","2,363","5,115","1,243","1,017",12.3,,,,,,,,
1960,"11,637",289,"1,712","2,694","4,810","1,256",875,12.2,,,,,,,,
1959,"11,696",345,"1,526","2,503","5,297","1,142",822,12.3,,,,,,,,
1957,"12,069",327,"1,874","2,519","5,385","1,094",795,12.2,,,,,,,,
1952,"12,202",342,"2,160","2,630","5,162","1,102",784,12.2,,,,,,,,
1950,"12,172",516,"2,603","2,624","4,410","1,081",714,12.1,,,,,,,,
1947,"11,733",471,"2,858","2,503","4,293",915,640,12.0,,,,,,,,
1940,"10,818",598,"3,744","2,333","2,653",862,544,10.3,,,,,,,,
"35 to 54 Years, Both Sexes",,,,,,,,,,,,,,,,
2024,"84,430",647,"2,217","4,295","21,360","20,220","35,690",N,,,,,,,,
2023,"83,490",612,"2,255","4,264","21,040","20,060","35,260",N,,,,,,,,
2022,"83,321",671,"2,186","4,423","21,531","19,845","34,665",N,,,,,,,,
2021,"81,684",671,"2,267","4,278","20,460","19,961","34,046",N,,,,,,,,
2020,"80,999",685,"2,133","4,364","20,261","20,302","33,254",N,,,,,,,,
2019,"81,727",716,"2,309","4,957","21,303","20,572","31,869",N,,,,,,,,
2018,"82,196",690,"2,289","4,974","21,680","21,340","31,223",N,,,,,,,,
2017,"82,072",709,"2,403","5,059","22,103","21,621","30,176",N,,,,,,,,
2016,"82,571",799,"2,636","5,296","22,298","22,070","29,473",N,,,,,,,,
2015,"82,715",862,"2,742","5,471","23,153","21,826","28,660",N,,,,,,,,
2014,"82,687",875,"2,612","5,433","23,238","22,472","28,057",N,,,,,,,,
2013,"83,324",778,"2,611","5,437","23,708","22,831","27,959",N,,,,,,,,
2012,"83,883",863,"2,762","5,569","24,608","22,792","27,288",N,,,,,,,,
2011,"83,796",899,"2,474","5,682","25,039","22,796","26,907",N,,,,,,,,
2010,"84,834",852,"2,549","5,937","26,145","22,911","26,440",N,,,,,,,,
2009,"85,688",909,"2,716","6,046","26,121","23,384","26,513",N,,,,,,,,
2008,"86,067",905,"2,742","5,882","26,108","23,504","26,926",N,,,,,,,,
2007,"86,224",874,"2,720","6,310","26,675","22,777","26,869",N,,,,,,,,
2006,"85,918",965,"2,769","6,274","26,636","23,317","25,958",N,,,,,,,,
2005,"85,311",954,"2,757","5,892","27,232","23,129","25,347",N,,,,,,,,
2004,"84,642",963,"2,582","5,938","26,649","23,093","25,417",N,,,,,,,,
2003,"84,308",957,"2,620","6,112","26,346","23,039","25,234",N,,,,,,,,
2002,"83,829",941,"2,636","5,874","26,740","23,148","24,489",N,,,,,,,,
2001,"83,286",886,"2,612","5,899","26,356","23,271","24,262",N,,,,,,,,
2000,"81,435",932,"2,521","5,702","26,481","22,618","23,183",N,,,,,,,,
1999,"79,976",872,"2,535","6,052","26,367","21,561","22,589",N,,,,,,,,
1998,"78,520",890,"2,613","6,164","26,079","21,267","21,506",N,,,,,,,,
1997,"76,973",867,"2,686","6,045","26,054","20,684","20,635",N,,,,,,,,
1996,"74,661",968,"2,710","5,803","24,924","20,105","20,152",N,,,,,,,,
1995,"73,028",927,"2,561","5,664","24,070","19,926","19,878",N,,,,,,,,
1994,"71,049",987,"2,680","5,415","23,804","19,210","18,956",N,,,,,,,,
1993,"68,845",942,"2,486","5,538","23,927","17,984","17,970",N,,,,,,,,
1992,"66,594",899,"2,608","5,845","23,442","16,658","17,144",N,,,,,,,,
1991,"64,351",995,"3,057","5,522","24,815","13,348","16,614",12.9,,,,,,,,
1990,"62,499",980,"3,104","5,529","24,434","12,553","15,899",12.9,,,,,,,,
1989,"60,494",999,"3,315","5,800","23,334","11,627","15,417",12.9,,,,,,,,
1988,"58,555",958,"3,272","5,889","23,049","11,017","14,369",12.8,,,,,,,,
1987,"56,650",842,"3,398","5,656","22,820","10,523","13,409",12.8,,,,,,,,
1986,"55,170",896,"3,614","5,769","22,151","10,110","12,629",12.8,,,,,,,,
1985,"53,697",899,"3,639","5,978","21,600","9,217","12,363",12.8,,,,,,,,
1984,"52,297",893,"3,754","6,158","21,290","8,702","11,500",12.7,,,,,,,,
1983,"50,956",973,"4,044","6,313","20,788","8,045","10,795",12.7,,,,,,,,
1982,"49,722",963,"4,320","6,657","20,445","7,580","9,756",12.6,,,,,,,,
1981,"48,680","1,038","4,531","6,773","20,032","7,115","9,181",12.6,,,,,,,,
1980,"48,124","1,034","4,676","7,063","19,584","6,943","8,822",12.6,,,,,,,,
1979,"47,437","1,030","4,895","7,132","19,488","6,655","8,237",12.5,,,,,,,,
1978,"46,921","1,107","5,262","7,590","19,012","6,286","7,667",12.5,,,,,,,,
1977,"46,409","1,192","5,445","7,781","18,781","6,013","7,196",12.5,,,,,,,,
1976,"46,271","1,245","5,729","7,671","18,893","5,957","6,776",12.5,,,,,,,,
1975,"46,193","1,296","5,942","7,765","19,010","5,673","6,506",12.4,,,,,,,,
1974,"46,217","1,293","6,244","7,896","19,038","5,375","6,372",12.4,,,,,,,,
1973,"45,910","1,344","6,519","8,001","18,651","5,318","6,076",12.4,,,,,,,,
1972,"45,956","1,367","7,004","8,521","18,400","5,074","5,589",12.3,,,,,,,,
1971,"46,294","1,439","7,588","8,393","18,334","5,082","5,460",12.3,,,,,,,,
1970,"46,319","1,461","7,935","8,555","18,200","4,875","5,294",12.3,,,,,,,,
1969,"46,255","1,644","8,313","8,586","17,773","4,749","5,190",12.3,,,,,,,,
1968,"46,396","1,654","8,698","8,838","17,362","4,642","5,200",12.2,,,,,,,,
1967,"46,321","1,771","9,036","9,138","16,906","4,525","4,947",12.2,,,,,,,,
1966,"46,313","1,837","9,528","9,309","16,605","4,230","4,805",12.1,,,,,,,,
1965,"46,296","1,827","9,812","9,266","16,359","4,384","4,647",12.1,,,,,,,,
1964,"46,089","1,905","10,259","9,289","15,760","4,397","4,482",12.1,,,,,,,,
1962,"45,287","2,181","10,795","8,938","14,668","4,452","4,253",12.0,,,,,,,,
1960,"44,742","2,424","12,536","9,502","12,517","4,123","3,639",11.3,,,,,,,,
1959,"43,989","2,303","11,657","8,719","13,244","3,715","3,709",11.8,,,,,,,,
1957,"42,645","2,658","12,349","8,384","12,041","3,248","3,360",11.3,,,,,,,,
1952,"39,014","2,606","13,274","7,348","9,374","3,148","2,802",10.5,,,,,,,,
1950,"38,432","3,404","14,420","6,976","7,262","2,878","2,516",9.7,,,,,,,,
1947,"36,717","3,203","15,184","6,311","6,715","2,622","2,221",9.0,,,,,,,,
1940,"33,845","4,549","16,270","4,972","4,217","1,836","1,540",8.6,,,,,,,,
"35 to 54 Years, Male",,,,,,,,,,,,,,,,
2024,"42,040",312,"1,257","2,354","11,910","9,838","16,370",N,,,,,,,,
2023,"41,730",310,"1,215","2,388","11,800","9,822","16,200",N,,,,,,,,
2022,"41,464",385,"1,156","2,435","12,187","9,620","15,680",N,,,,,,,,
2021,"40,238",393,"1,219","2,321","11,446","9,406","15,453",N,,,,,,,,
2020,"39,591",393,"1,110","2,385","11,048","9,479","15,176",N,,,,,,,,
2019,"40,180",388,"1,202","2,690","11,688","9,863","14,348",N,,,,,,,,
2018,"40,411",356,"1,182","2,657","11,753","9,991","14,472",N,,,,,,,,
2017,"40,303",395,"1,305","2,711","12,032","10,026","13,834",N,,,,,,,,
2016,"40,539",443,"1,336","2,903","12,021","10,217","13,620",N,,,,,,,,
2015,"40,565",469,"1,416","2,987","12,401","9,996","13,296",N,,,,,,,,
2014,"40,525",489,"1,459","2,992","12,246","10,199","13,139",N,,,,,,,,
2013,"40,868",409,"1,464","2,962","12,417","10,473","13,142",N,,,,,,,,
2012,"41,167",462,"1,525","2,927","12,869","10,439","12,944",N,,,,,,,,
2011,"41,209",447,"1,292","3,027","13,250","10,339","12,854",N,,,,,,,,
2010,"41,858",446,"1,367","3,227","13,824","10,311","12,682",N,,,,,,,,
2009,"42,263",500,"1,458","3,278","13,644","10,670","12,713",N,,,,,,,,
2008,"42,419",507,"1,490","3,228","13,625","10,711","12,858",N,,,,,,,,
2007,"42,476",491,"1,433","3,480","13,737","10,359","12,976",N,,,,,,,,
2006,"42,344",549,"1,472","3,356","13,660","10,608","12,701",N,,,,,,,,
2005,"42,024",547,"1,476","3,063","14,017","10,429","12,491",N,,,,,,,,
2004,"41,612",577,"1,323","3,157","13,238","10,636","12,682",N,,,,,,,,
2003,"41,340",538,"1,372","3,282","12,903","10,622","12,622",N,,,,,,,,
2002,"41,154",513,"1,333","3,063","13,133","10,739","12,373",N,,,,,,,,
2001,"40,858",488,"1,368","2,974","12,784","10,827","12,417",N,,,,,,,,
2000,"40,024",479,"1,288","2,845","12,845","10,716","11,854",N,,,,,,,,
1999,"39,300",470,"1,290","3,101","12,544","10,233","11,664",N,,,,,,,,
1998,"38,654",486,"1,333","3,284","12,239","10,098","11,214",N,,,,,,,,
1997,"37,912",486,"1,370","3,143","12,326","9,713","10,870",N,,,,,,,,
1996,"36,596",520,"1,319","2,877","11,749","9,514","10,526",N,,,,,,,,
1995,"35,994",529,"1,368","2,781","11,223","9,305","10,784",N,,,,,,,,
1994,"34,998",545,"1,383","2,621","11,009","9,073","10,369",N,,,,,,,,
1993,"33,751",478,"1,316","2,660","10,983","8,624","9,687",N,,,,,,,,
1992,"32,619",472,"1,368","2,750","10,670","7,968","9,389",N,,,,,,,,
1991,"31,460",530,"1,624","2,612","11,092","6,430","9,169",13.0,,,,,,,,
1990,"30,623",527,"1,658","2,573","10,790","6,169","8,905",13.0,,,,,,,,
1989,"29,597",504,"1,762","2,628","10,235","5,719","8,749",13.0,,,,,,,,
1988,"28,645",498,"1,725","2,654","10,100","5,327","8,340",12.9,,,,,,,,
1987,"27,680",412,"1,801","2,617","9,781","5,173","7,895",12.9,,,,,,,,
1986,"26,925",475,"1,919","2,699","9,393","5,013","7,426",12.9,,,,,,,,
1985,"26,181",501,"1,928","2,726","9,210","4,502","7,314",12.9,,,,,,,,
1984,"25,460",506,"2,014","2,831","8,926","4,257","6,929",12.8,,,,,,,,
1983,"24,796",548,"2,108","2,862","8,795","3,884","6,601",12.8,,,,,,,,
1982,"24,164",530,"2,302","2,989","8,609","3,757","5,977",12.7,,,,,,,,
1981,"23,646",572,"2,425","3,112","8,431","3,519","5,588",12.7,,,,,,,,
1980,"23,373",590,"2,492","3,202","8,278","3,442","5,370",12.7,,,,,,,,
1979,"22,976",545,"2,612","3,194","8,232","3,306","5,090",12.6,,,,,,,,
1978,"22,719",609,"2,779","3,377","8,001","3,136","4,817",12.6,,,,,,,,
1977,"22,445",661,"2,889","3,554","7,822","3,000","4,520",12.5,,,,,,,,
1976,"22,403",730,"3,004","3,473","7,904","2,969","4,323",12.5,,,,,,,,
1975,"22,358",763,"3,100","3,510","7,952","2,879","4,153",12.5,,,,,,,,
1974,"22,367",733,"3,286","3,532","8,004","2,730","4,081",12.6,,,,,,,,
1973,"22,166",716,"3,413","3,586","7,836","2,714","3,901",12.4,,,,,,,,
1972,"22,200",749,"3,674","3,917","7,663","2,564","3,631",12.4,,,,,,,,
1971,"22,474",849,"3,985","3,823","7,674","2,578","3,567",12.3,,,,,,,,
1970,"22,475",834,"4,208","3,876","7,612","2,555","3,390",12.3,,,,,,,,
1969,"22,420",889,"4,359","4,012","7,427","2,456","3,277",12.3,,,,,,,,
1968,"22,521",931,"4,487","4,160","7,324","2,364","3,257",12.2,,,,,,,,
1967,"22,482","1,000","4,700","4,270","7,143","2,244","3,128",12.2,,,,,,,,
1966,"22,508","1,085","4,886","4,455","6,990","2,029","3,063",12.1,,,,,,,,
1965,"22,534","1,081","5,076","4,462","6,815","2,161","2,937",12.1,,,,,,,,
1964,"22,457","1,158","5,226","4,416","6,657","2,212","2,789",12.2,,,,,,,,
1962,"22,081","1,235","5,545","4,359","6,202","2,142","2,598",11.9,,,,,,,,
1960,"21,919","1,397","6,415","4,579","5,364","1,957","2,206",11.1,,,,,,,,
1959,"21,511","1,350","5,781","4,329","5,604","1,827","2,250",11.5,,,,,,,,
1957,"20,873","1,491","6,293","3,987","5,195","1,558","1,972",11.0,,,,,,,,
1952,"18,888","1,466","6,512","3,462","4,040","1,518","1,576",10.3,,,,,,,,
1950,"18,896","1,834","7,338","3,339","3,151","1,271","1,403",9.6,,,,,,,,
1947,"18,165","1,678","7,765","3,102","2,907","1,168","1,258",8.6,,,,,,,,
1940,"17,127","2,480","8,458","2,388","1,798",819,917,8.5,,,,,,,,
"35 to 54 Years, Female",,,,,,,,,,,,,,,,
2024,"42,390",335,960,"1,942","9,447","10,380","19,320",N,,,,,,,,
2023,"41,760",302,"1,040","1,875","9,244","10,230","19,060",N,,,,,,,,
2022,"41,857",286,"1,030","1,988","9,344","10,224","18,985",N,,,,,,,,
2021,"41,446",278,"1,048","1,957","9,015","10,555","18,593",N,,,,,,,,
2020,"41,408",292,"1,022","1,980","9,214","10,823","18,077",N,,,,,,,,
2019,"41,547",327,"1,107","2,267","9,616","10,709","17,521",N,,,,,,,,
2018,"41,785",334,"1,107","2,317","9,927","11,349","16,751",N,,,,,,,,
2017,"41,769",314,"1,098","2,348","10,072","11,595","16,342",N,,,,,,,,
2016,"42,031",356,"1,300","2,393","10,276","11,853","15,853",N,,,,,,,,
2015,"42,150",394,"1,326","2,484","10,752","11,830","15,364",N,,,,,,,,
2014,"42,163",385,"1,153","2,440","10,993","12,273","14,919",N,,,,,,,,
2013,"42,456",369,"1,147","2,475","11,290","12,358","14,817",N,,,,,,,,
2012,"42,716",400,"1,237","2,642","11,739","12,352","14,345",N,,,,,,,,
2011,"42,587",452,"1,183","2,654","11,789","12,457","14,053",N,,,,,,,,
2010,"42,976",406,"1,181","2,710","12,321","12,600","13,758",N,,,,,,,,
2009,"43,424",409,"1,258","2,768","12,476","12,713","13,800",N,,,,,,,,
2008,"43,648",398,"1,253","2,654","12,483","12,792","14,067",N,,,,,,,,
2007,"43,748",382,"1,288","2,830","12,938","12,419","13,892",N,,,,,,,,
2006,"43,573",417,"1,298","2,915","12,976","12,710","13,255",N,,,,,,,,
2005,"43,287",407,"1,280","2,829","13,215","12,700","12,856",N,,,,,,,,
2004,"43,030",386,"1,259","2,781","13,411","12,458","12,736",N,,,,,,,,
2003,"42,968",419,"1,248","2,830","13,443","12,417","12,611",N,,,,,,,,
2002,"42,675",428,"1,303","2,811","13,607","12,410","12,116",N,,,,,,,,
2001,"42,428",398,"1,244","2,926","13,572","12,444","11,844",N,,,,,,,,
2000,"41,411",452,"1,235","2,858","13,635","11,905","11,330",N,,,,,,,,
1999,"40,676",402,"1,248","2,950","13,825","11,326","10,925",N,,,,,,,,
1998,"39,866",403,"1,279","2,879","13,841","11,168","10,293",N,,,,,,,,
1997,"39,061",381,"1,319","2,902","13,726","10,969","9,766",N,,,,,,,,
1996,"38,065",449,"1,301","2,924","13,174","10,592","9,623",N,,,,,,,,
1995,"37,034",396,"1,192","2,881","12,846","10,623","9,096",N,,,,,,,,
1994,"36,051",443,"1,298","2,792","12,795","10,140","8,587",N,,,,,,,,
1993,"35,093",462,"1,169","2,877","12,944","9,358","8,283",N,,,,,,,,
1992,"33,975",427,"1,240","3,096","12,770","8,687","7,756",N,,,,,,,,
1991,"32,891",464,"1,431","2,910","13,723","6,919","7,443",12.8,,,,,,,,
1990,"31,876",454,"1,448","2,955","13,643","6,383","6,997",12.8,,,,,,,,
1989,"30,898",498,"1,552","3,171","13,099","5,908","6,669",12.8,,,,,,,,
1988,"29,908",462,"1,547","3,234","12,949","5,689","6,029",12.7,,,,,,,,
1987,"28,969",430,"1,598","3,039","13,038","5,349","5,513",12.7,,,,,,,,
1986,"28,244",420,"1,694","3,071","12,759","5,098","5,202",12.7,,,,,,,,
1985,"27,516",398,"1,710","3,252","12,391","4,715","5,049",12.7,,,,,,,,
1984,"26,838",389,"1,740","3,331","12,364","4,444","4,570",12.6,,,,,,,,
1983,"26,161",427,"1,935","3,450","11,993","4,161","4,193",12.6,,,,,,,,
1982,"25,555",433,"2,017","3,666","11,833","3,827","3,778",12.6,,,,,,,,
1981,"25,034",467,"2,105","3,661","11,599","3,605","3,595",12.5,,,,,,,,
1980,"24,751",444,"2,186","3,862","11,307","3,501","3,452",12.5,,,,,,,,
1979,"24,461",486,"2,282","3,935","11,258","3,353","3,147",12.5,,,,,,,,
1978,"24,202",497,"2,483","4,212","11,012","3,149","2,849",12.5,,,,,,,,
1977,"23,964",534,"2,557","4,227","10,959","3,014","2,678",12.4,,,,,,,,
1976,"23,868",517,"2,721","4,198","10,989","2,988","2,455",12.4,,,,,,,,
1975,"23,835",533,"2,842","4,256","11,058","2,793","2,352",12.4,,,,,,,,
1974,"23,850",559,"2,956","4,364","11,033","2,647","2,290",12.4,,,,,,,,
1973,"23,744",628,"3,106","4,415","10,815","2,603","2,174",12.3,,,,,,,,
1972,"23,756",618,"3,330","4,604","10,736","2,509","1,958",12.3,,,,,,,,
1971,"23,821",590,"3,604","4,570","10,660","2,505","1,894",12.3,,,,,,,,
1970,"23,845",629,"3,728","4,679","10,588","2,318","1,903",12.3,,,,,,,,
1969,"23,834",755,"3,953","4,575","10,349","2,293","1,913",12.3,,,,,,,,
1968,"23,874",725,"4,212","4,676","10,038","2,281","1,943",12.2,,,,,,,,
1967,"23,839",773,"4,334","4,868","9,762","2,282","1,819",12.2,,,,,,,,
1966,"23,806",752,"4,644","4,853","9,615","2,200","1,741",12.2,,,,,,,,
1965,"23,765",746,"4,735","4,803","9,545","2,223","1,712",12.2,,,,,,,,
1964,"23,632",748,"5,033","4,871","9,103","2,183","1,691",12.1,,,,,,,,
1962,"23,206",946,"5,250","4,579","8,466","2,310","1,655",12.1,,,,,,,,
1960,"22,823","1,027","6,121","4,923","7,153","2,166","1,433",11.6,,,,,,,,
1959,"22,478",953,"5,876","4,390","7,640","1,888","1,459",12.0,,,,,,,,
1957,"21,772","1,167","6,056","4,397","6,846","1,690","1,388",11.5,,,,,,,,
1952,"20,126","1,140","6,762","3,886","5,334","1,630","1,226",10.7,,,,,,,,
1950,"19,536","1,570","7,082","3,637","4,111","1,607","1,113",9.7,,,,,,,,
1947,"18,552","1,525","7,419","3,209","3,808","1,454",963,9.3,,,,,,,,
1940,"16,718","2,070","7,812","2,584","2,419","1,017",623,8.7,,,,,,,,
"55 Years and Over, Both Sexes",,,,,,,,,,,,,,,,
2024,"100,500","1,327","3,165","5,541","30,180","25,920","34,330",N,,,,,,,,
2023,"99,270","1,216","3,134","5,490","30,890","25,470","33,070",N,,,,,,,,
2022,"98,371","1,400","2,948","5,637","30,830","25,322","32,234",N,,,,,,,,
2021,"97,613","1,257","3,021","5,707","30,155","24,978","32,494",N,,,,,,,,
2020,"96,798","1,253","3,099","5,981","29,539","25,071","31,856",N,,,,,,,,
2019,"94,543","1,233","3,434","6,062","29,317","24,587","29,910",N,,,,,,,,
2018,"92,780","1,258","3,535","6,273","29,545","23,970","28,200",N,,,,,,,,
2017,"90,599","1,280","3,465","6,143","28,916","23,351","27,444",N,,,,,,,,
2016,"88,682","1,406","3,584","6,009","28,481","22,981","26,221",N,,,,,,,,
2015,"86,411","1,447","3,690","6,276","28,457","21,785","24,756",N,,,,,,,,
2014,"84,134","1,365","3,829","6,094","27,962","21,059","23,825",N,,,,,,,,
2013,"81,778","1,306","3,931","6,043","27,046","20,387","23,066",N,,,,,,,,
2012,"79,478","1,348","3,974","6,344","26,531","19,343","21,937",N,,,,,,,,
2011,"76,163","1,372","4,073","5,983","25,622","18,408","20,705",N,,,,,,,,
2010,"74,008","1,440","4,118","6,051","25,125","17,354","19,920",N,,,,,,,,
2009,"72,077","1,555","4,101","6,338","24,154","16,877","19,051",N,,,,,,,,
2008,"70,092","1,411","4,294","6,338","23,779","16,378","17,892",N,,,,,,,,
2007,"68,226","1,576","4,458","6,680","23,408","15,505","16,599",N,,,,,,,,
2006,"66,485","1,628","4,610","6,508","22,961","14,824","15,956",N,,,,,,,,
2005,"64,745","1,614","4,803","6,784","22,392","14,083","15,069",N,,,,,,,,
2004,"63,034","1,465","4,907","6,821","21,918","13,434","14,488",N,,,,,,,,
2003,"61,633","1,589","5,372","6,876","21,554","12,884","13,358",N,,,,,,,,
2002,"59,644","1,528","5,639","7,258","20,728","12,117","12,374",N,,,,,,,,
2001,"58,238","1,544","5,589","7,178","20,622","11,864","11,440",N,,,,,,,,
2000,"56,008","1,524","5,780","6,921","20,059","11,126","10,598",N,,,,,,,,
1999,"55,303","1,589","5,978","7,096","19,742","10,722","10,174",N,,,,,,,,
1998,"54,337","1,624","6,126","7,385","19,526","10,022","9,654",N,,,,,,,,
1997,"53,352","1,628","6,622","7,543","18,823","9,565","9,169",N,,,,,,,,
1996,"52,742","1,642","6,716","7,520","18,549","9,642","8,677",N,,,,,,,,
1995,"52,022","1,755","7,048","7,232","18,320","9,662","8,005",N,,,,,,,,
1994,"51,516","1,802","7,382","7,454","18,228","8,890","7,761",N,,,,,,,,
1993,"52,117","2,058","8,038","7,637","18,626","8,106","7,652",N,,,,,,,,
1992,"51,740","2,118","8,133","7,756","18,397","8,005","7,332",N,,,,,,,,
1991,"51,439","2,341","8,668","7,675","18,954","6,540","7,258",12.6,,,,,,,,
1990,"50,798","2,349","9,239","7,893","18,050","6,202","7,064",12.3,,,,,,,,
1989,"50,421","2,412","9,395","7,907","18,102","5,914","6,693",12.3,,,,,,,,
1988,"50,128","2,325","9,969","7,860","18,004","5,705","6,263",12.3,,,,,,,,
1987,"49,858","2,408","10,544","7,766","17,310","5,799","6,033",12.2,,,,,,,,
1986,"49,383","2,611","10,699","7,917","16,876","5,515","5,767",12.2,,,,,,,,
1985,"48,969","2,612","11,052","7,872","16,516","5,208","5,708",12.2,,,,,,,,
1984,"48,324","2,584","11,131","7,636","16,353","5,026","5,593",12.2,,,,,,,,
1983,"47,723","2,769","11,348","7,703","15,470","4,915","5,514",12.1,,,,,,,,
1982,"47,102","2,818","11,541","7,751","15,091","4,807","5,095",12.1,,,,,,,,
1981,"46,391","2,983","11,909","7,600","14,464","4,721","4,711",12.0,,,,,,,,
1980,"45,670","2,994","12,326","7,451","13,869","4,494","4,535",12.0,,,,,,,,
1979,"43,806","2,924","12,230","6,999","13,088","4,321","4,245",12.0,,,,,,,,
1978,"42,977","3,013","12,593","7,069","12,376","4,086","3,843",11.6,,,,,,,,
1977,"42,176","3,047","12,740","6,823","11,977","3,835","3,754",11.3,,,,,,,,
1976,"41,429","3,107","12,674","6,915","11,346","3,709","3,677",11.1,,,,,,,,
1975,"40,613","3,303","13,045","6,730","10,798","3,442","3,295",10.8,,,,,,,,
1974,"39,817","3,461","13,302","6,615","10,060","3,233","3,145",10.4,,,,,,,,
1973,"39,163","3,424","13,467","6,504","9,604","3,060","3,105",10.2,,,,,,,,
1972,"38,659","3,471","13,706","6,351","9,136","2,952","3,042",10.0,,,,,,,,
1971,"38,787","3,808","14,430","6,225","8,463","2,878","2,982",9.6,,,,,,,,
1970,"38,126","3,957","14,647","5,877","8,005","2,797","2,843",9.2,,,,,,,,
1969,"37,424","4,012","14,576","5,801","7,768","2,615","2,653",9.1,,,,,,,,
1968,"36,789","4,244","14,522","5,760","7,085","2,624","2,558",8.9,,,,,,,,
1967,"36,155","4,310","14,849","5,495","6,622","2,443","2,434",8.7,,,,,,,,
1966,"35,540","4,438","14,742","5,392","6,240","2,358","2,370",8.6,,,,,,,,
1965,"34,969","4,612","14,814","5,293","5,844","2,194","2,215",8.5,,,,,,,,
1964,"34,335","4,888","14,701","4,954","5,598","2,159","2,033",8.3,,,,,,,,
1962,"33,247","5,048","14,707","4,442","4,994","2,166","1,890",8.1,,,,,,,,
1960,"31,902","5,169","14,944","4,503","3,757","2,051","1,479",8.5,,,,,,,,
1959,"30,567","4,752","13,485","4,060","3,996","1,775","1,545",8.1,,,,,,,,
1957,"29,548","5,153","12,996","3,602","3,864","1,462","1,461",8.0,,,,,,,,
1952,"26,206","4,554","12,638","2,982","3,080","1,346","1,264",7.7,,,,,,,,
1950,"25,427","4,940","11,947","2,791","2,704","1,170","1,005",8.3,,,,,,,,
1947,"23,234","4,393","11,601","2,179","2,581","1,003",825,7.5,,,,,,,,
1940,"19,592","4,178","10,467","1,656","1,633",685,579,8.2,,,,,,,,
"55 Years and Over, Male",,,,,,,,,,,,,,,,
2024,"47,130",558,"1,518","2,751","14,110","11,470","16,720",N,,,,,,,,
2023,"46,530",526,"1,454","2,736","14,240","11,330","16,250",N,,,,,,,,
2022,"46,189",688,"1,396","2,825","14,054","11,327","15,898",N,,,,,,,,
2021,"45,252",596,"1,375","2,740","13,472","11,162","15,906",N,,,,,,,,
2020,"45,143",566,"1,459","2,802","13,410","11,009","15,897",N,,,,,,,,
2019,"43,789",547,"1,649","2,800","12,976","10,724","15,093",N,,,,,,,,
2018,"42,961",522,"1,670","2,851","13,041","10,630","14,247",N,,,,,,,,
2017,"41,901",561,"1,617","2,813","12,808","10,288","13,814",N,,,,,,,,
2016,"40,988",624,"1,708","2,814","12,374","10,236","13,231",N,,,,,,,,
2015,"39,895",608,"1,765","2,707","12,398","9,863","12,556",N,,,,,,,,
2014,"38,850",544,"1,790","2,800","12,150","9,320","12,246",N,,,,,,,,
2013,"37,621",557,"1,790","2,605","11,539","9,060","12,070",N,,,,,,,,
2012,"36,489",614,"1,775","2,754","11,220","8,574","11,552",N,,,,,,,,
2011,"35,027",597,"1,934","2,625","10,676","8,230","10,966",N,,,,,,,,
2010,"33,778",647,"1,923","2,611","10,399","7,672","10,525",N,,,,,,,,
2009,"32,814",689,"1,874","2,669","9,886","7,456","10,241",N,,,,,,,,
2008,"31,841",631,"1,932","2,751","9,510","7,259","9,759",N,,,,,,,,
2007,"30,920",721,"2,060","2,884","9,505","6,723","9,026",N,,,,,,,,
2006,"30,060",705,"2,090","2,784","9,488","6,193","8,837",N,,,,,,,,
2005,"29,198",717,"2,157","2,896","8,918","6,167","8,341",N,,,,,,,,
2004,"28,347",639,"2,192","2,885","8,631","5,841","8,159",N,,,,,,,,
2003,"27,694",729,"2,423","2,912","8,425","5,694","7,510",N,,,,,,,,
2002,"26,608",664,"2,601","3,048","8,063","5,257","6,975",N,,,,,,,,
2001,"25,908",697,"2,558","2,964","8,073","5,131","6,485",N,,,,,,,,
2000,"25,023",706,"2,696","2,817","7,816","4,906","6,079",N,,,,,,,,
1999,"24,694",712,"2,746","2,911","7,712","4,756","5,856",N,,,,,,,,
1998,"24,197",755,"2,740","3,000","7,745","4,461","5,496",N,,,,,,,,
1997,"23,668",773,"3,026","3,060","7,417","4,139","5,255",N,,,,,,,,
1996,"23,352",795,"3,058","2,998","7,198","4,254","5,055",N,,,,,,,,
1995,"22,881",839,"3,153","2,980","6,980","4,254","4,675",N,,,,,,,,
1994,"22,669",894,"3,327","3,037","6,987","3,962","4,462",N,,,,,,,,
1993,"23,038",992,"3,595","3,174","7,178","3,587","4,508",N,,,,,,,,
1992,"22,836","1,033","3,676","3,277","6,991","3,549","4,312",N,,,,,,,,
1991,"22,708","1,217","3,980","3,183","7,287","2,850","4,193",12.4,,,,,,,,
1990,"22,337","1,182","4,141","3,274","6,986","2,707","4,046",12.4,,,,,,,,
1989,"22,167","1,202","4,198","3,317","7,003","2,616","3,829",12.3,,,,,,,,
1988,"21,989","1,117","4,471","3,366","6,968","2,455","3,609",12.3,,,,,,,,
1987,"21,855","1,160","4,762","3,261","6,673","2,504","3,496",12.3,,,,,,,,
1986,"21,622","1,275","4,813","3,286","6,509","2,355","3,385",12.2,,,,,,,,
1985,"21,391","1,252","5,001","3,234","6,387","2,229","3,289",12.2,,,,,,,,
1984,"21,014","1,209","4,951","3,270","6,265","2,185","3,132",12.2,,,,,,,,
1983,"20,769","1,343","4,986","3,282","5,906","2,141","3,117",12.1,,,,,,,,
1982,"20,508","1,362","5,026","3,313","5,759","2,102","2,946",12.1,,,,,,,,
1981,"20,237","1,394","5,165","3,292","5,597","2,032","2,758",12.0,,,,,,,,
1980,"19,967","1,424","5,436","3,206","5,409","1,986","2,506",11.9,,,,,,,,
1979,"19,292","1,446","5,479","2,964","5,167","1,935","2,301",11.8,,,,,,,,
1978,"18,939","1,467","5,701","2,919","4,919","1,824","2,110",11.4,,,,,,,,
1977,"18,608","1,502","5,770","2,787","4,835","1,700","2,011",11.2,,,,,,,,
1976,"18,233","1,507","5,733","2,884","4,473","1,646","1,989",11.0,,,,,,,,
1975,"17,903","1,628","5,845","2,871","4,308","1,480","1,768",10.5,,,,,,,,
1974,"17,579","1,693","6,042","2,817","3,993","1,356","1,682",10.1,,,,,,,,
1973,"17,263","1,678","6,111","2,774","3,811","1,245","1,645",9.9,,,,,,,,
1972,"17,120","1,728","6,252","2,698","3,612","1,215","1,614",9.6,,,,,,,,
1971,"17,288","1,913","6,629","2,668","3,285","1,214","1,579",9.1,,,,,,,,
1970,"17,074","2,011","6,655","2,583","3,127","1,182","1,516",9.0,,,,,,,,
1969,"16,822","2,003","6,701","2,536","3,099","1,086","1,397",8.8,,,,,,,,
1968,"16,609","2,137","6,728","2,523","2,816","1,078","1,328",8.7,,,,,,,,
1967,"16,398","2,247","6,827","2,379","2,685",989,"1,271",8.5,,,,,,,,
1966,"16,201","2,288","6,944","2,317","2,491",939,"1,223",8.3,,,,,,,,
1965,"16,015","2,368","6,992","2,265","2,331",893,"1,164",8.2,,,,,,,,
1964,"15,789","2,504","6,897","2,159","2,237",876,"1,113",8.1,,,,,,,,
1962,"15,440","2,644","6,813","2,032","2,030",864,"1,057",8.0,,,,,,,,
1960,"14,895","2,704","7,121","1,969","1,453",853,796,8.4,,,,,,,,
1959,"14,304","2,491","6,436","1,759","1,584",718,857,7.9,,,,,,,,
1957,"13,967","2,696","6,244","1,570","1,493",608,831,7.7,,,,,,,,
1952,"12,544","2,428","6,162","1,318","1,262",528,636,7.5,,,,,,,,
1950,"12,277","2,609","5,808","1,209","1,111",500,569,8.2,,,,,,,,
1947,"11,424","2,393","5,656",939,"1,109",464,482,7.3,,,,,,,,
1940,"9,815","2,293","5,249",724,660,313,361,8.1,,,,,,,,
"55 Years and Over, Female",,,,,,,,,,,,,,,,
2024,"53,330",769,"1,647","2,790","16,070","14,450","17,610",N,,,,,,,,
2023,"52,740",691,"1,680","2,754","16,650","14,150","16,820",N,,,,,,,,
2022,"52,182",711,"1,552","2,812","16,776","13,995","16,336",N,,,,,,,,
2021,"52,361",661,"1,646","2,967","16,682","13,816","16,588",N,,,,,,,,
2020,"51,656",687,"1,640","3,179","16,129","14,062","15,958",N,,,,,,,,
2019,"50,755",687,"1,786","3,262","16,341","13,862","14,817",N,,,,,,,,
2018,"49,819",736,"1,865","3,422","16,504","13,340","13,953",N,,,,,,,,
2017,"48,698",719,"1,849","3,329","16,107","13,063","13,630",N,,,,,,,,
2016,"47,694",782,"1,875","3,195","16,107","12,745","12,990",N,,,,,,,,
2015,"46,516",839,"1,925","3,570","16,059","11,922","12,201",N,,,,,,,,
2014,"45,284",821,"2,039","3,295","15,812","11,739","11,578",N,,,,,,,,
2013,"44,158",749,"2,141","3,438","15,507","11,327","10,996",N,,,,,,,,
2012,"42,989",734,"2,199","3,590","15,311","10,769","10,384",N,,,,,,,,
2011,"41,136",775,"2,140","3,358","14,946","10,178","9,739",N,,,,,,,,
2010,"40,230",793,"2,195","3,440","14,725","9,682","9,395",N,,,,,,,,
2009,"39,263",867,"2,228","3,669","14,268","9,421","8,810",N,,,,,,,,
2008,"38,251",780,"2,362","3,588","14,269","9,119","8,133",N,,,,,,,,
2007,"37,306",855,"2,398","3,796","13,902","8,781","7,573",N,,,,,,,,
2006,"36,425",922,"2,521","3,761","13,472","8,630","7,119",N,,,,,,,,
2005,"35,547",897,"2,645","3,887","13,474","7,916","6,728",N,,,,,,,,
2004,"34,687",826,"2,715","3,936","13,287","7,593","6,329",N,,,,,,,,
2003,"33,939",860,"2,949","3,964","13,129","7,190","5,848",N,,,,,,,,
2002,"33,035",864,"3,038","4,210","12,664","6,860","5,399",N,,,,,,,,
2001,"32,329",847,"3,032","4,213","12,549","6,733","4,956",N,,,,,,,,
2000,"30,985",817,"3,085","4,105","12,243","6,218","4,517",N,,,,,,,,
1999,"30,609",879,"3,232","4,186","12,031","5,965","4,319",N,,,,,,,,
1998,"30,140",868,"3,386","4,386","11,780","5,560","4,160",N,,,,,,,,
1997,"29,684",855,"3,596","4,483","11,407","5,427","3,916",N,,,,,,,,
1996,"29,390",848,"3,659","4,523","11,350","5,387","3,623",N,,,,,,,,
1995,"29,142",915,"3,894","4,255","11,340","5,410","3,330",N,,,,,,,,
1994,"28,848",909,"4,054","4,419","11,242","4,926","3,298",N,,,,,,,,
1993,"29,080","1,066","4,442","4,462","11,447","4,519","3,149",N,,,,,,,,
1992,"28,904","1,084","4,456","4,478","11,409","4,455","3,021",N,,,,,,,,
1991,"28,729","1,125","4,687","4,495","11,667","3,690","3,066",12.3,,,,,,,,
1990,"28,461","1,167","5,098","4,619","11,063","3,495","3,019",12.3,,,,,,,,
1989,"28,255","1,211","5,195","4,587","11,099","3,300","2,863",12.3,,,,,,,,
1988,"28,139","1,208","5,498","4,495","11,034","3,250","2,655",12.3,,,,,,,,
1987,"28,004","1,248","5,782","4,504","10,637","3,294","2,539",12.2,,,,,,,,
1986,"27,762","1,336","5,886","4,630","10,367","3,160","2,382",12.2,,,,,,,,
1985,"27,578","1,360","6,052","4,638","10,129","2,979","2,420",12.2,,,,,,,,
1984,"27,309","1,377","6,183","4,363","10,086","2,843","2,459",12.2,,,,,,,,
1983,"26,954","1,428","6,364","4,423","9,567","2,774","2,398",12.1,,,,,,,,
1982,"26,593","1,458","6,511","4,435","9,330","2,705","2,150",12.1,,,,,,,,
1981,"26,152","1,589","6,742","4,308","8,868","2,690","1,954",12.0,,,,,,,,
1980,"25,703","1,571","6,889","4,245","8,460","2,509","2,030",12.0,,,,,,,,
1979,"24,514","1,474","6,750","4,034","7,920","2,389","1,944",12.0,,,,,,,,
1978,"24,038","1,545","6,889","4,149","7,457","2,263","1,733",11.6,,,,,,,,
1977,"23,568","1,546","6,972","4,034","7,141","2,135","1,742",11.0,,,,,,,,
1976,"23,196","1,602","6,942","4,029","6,871","2,063","1,690",11.0,,,,,,,,
1975,"22,710","1,675","7,198","3,858","6,490","1,962","1,527",10.9,,,,,,,,
1974,"22,238","1,762","7,261","3,799","6,068","1,880","1,463",10.7,,,,,,,,
1973,"21,900","1,746","7,359","3,729","5,790","1,814","1,461",10.5,,,,,,,,
1972,"21,539","1,743","7,455","3,654","5,526","1,737","1,425",10.3,,,,,,,,
1971,"21,500","1,896","7,805","3,556","5,179","1,665","1,402",9.9,,,,,,,,
1970,"21,052","1,946","7,993","3,292","4,879","1,615","1,327",9.5,,,,,,,,
1969,"20,601","2,009","7,878","3,264","4,669","1,526","1,255",9.4,,,,,,,,
1968,"20,180","2,106","7,795","3,237","4,269","1,544","1,229",9.2,,,,,,,,
1967,"19,756","2,063","8,021","3,117","3,937","1,454","1,164",8.9,,,,,,,,
1966,"19,339","2,152","7,797","3,074","3,749","1,419","1,147",8.9,,,,,,,,
1965,"18,955","2,243","7,821","3,026","3,514","1,300","1,048",8.7,,,,,,,,
1964,"18,546","2,383","7,805","2,794","3,360","1,282",920,8.5,,,,,,,,
1962,"17,807","2,404","7,894","2,410","2,964","1,302",833,8.3,,,,,,,,
1960,"17,007","2,465","7,823","2,534","2,304","1,198",683,8.6,,,,,,,,
1959,"16,263","2,261","7,049","2,301","2,412","1,057",688,8.3,,,,,,,,
1957,"15,581","2,457","6,752","2,032","2,371",854,630,8.2,,,,,,,,
1952,"13,662","2,126","6,476","1,664","1,818",818,628,7.9,,,,,,,,
1950,"13,150","2,331","6,139","1,582","1,593",670,436,8.4,,,,,,,,
1947,"11,810","2,000","5,945","1,240","1,472",539,343,7.6,,,,,,,,
1940,"9,777","1,886","5,217",932,973,372,219,8.3,,,,,,,,
Notes:,,,,,,,,,,,,,,,,
1 Plus armed forces living off post or with their families on post.,,,,,,,,,,,,,,,,
" - Starting in 2001, data are from the expanded Current Population Survey sample.",,,,,,,,,,,,,,,,
" - Beginning with data for 1992, a new question results in different categories than for earlier years:
      Data shown as 'High School, 4 years' are now collected in the category 'High School Graduate.'
      Data shown as 'College 1 to 3 years' are now collected in the 'Some college' and the two 'Associate degree' categories.
      Data shown as 'College 4 years or more,' are now collected in the categories, 'Bachelor's degree,' Master's degree,'
      'Doctorate degree,' and 'Professional degree.'
      Due to the change in question format, median years of schooling cannot be derived.",,,,,,,,,,,,,,,,
" - For the years 1959 and earlier, total includes persons who did not report on years of school completed.",,,,,,,,,,,,,,,,
 - N - Not Available,,,,,,,,,,,,,,,,
 - Details may not sum to totals due to rounding.,,,,,,,,,,,,,,,,
"Information on confidentiality protection, sampling error, nonsampling error, and definitions is available at <https://www2.census.gov/programs-surveys/cps/techdocs/cpsmar24.pdf>.",,,,,,,,,,,,,,,,
"Source: U.S. Census Bureau, 1947, 1952, 1957, 1959, 1962 and 1964 to 2002 March Current Population Survey, 2003 to 2024 Annual Social and Economic Supplement to the Current Population Survey (noninstitutionalized population, excluding members of the Armed Forces living in barracks); 1960 Census of Population, 1950 Census of Population and 1940 Census of Population (resident population).",,,,,,,,,,,,,,,,
"Contact: U.S. Census Bureau, Education and Social Stratification Branch, (301) 763-2464.",,,,,,,,,,,,,,,,
